DONKEY Kong;Rancoeur;8000
Jeremy;lavion;4500
1zze;Rancoeur;670.00
aio;Rancoeur;520.00
1;Rancoeur;510.00
2etyi;Rancoeur;350.00
WWWWWWWWWWWWWW;GOD;320.00
wxcbn,.!?;Rancoeur;290.00
1zery;Rancoeur;270.00
SIUUUU;lavion;270.00
pui;Rancoeur;260.00
Goat;GOD;250.00
1aar;Rancoeur;210.00
tyuop'!;Rancoeur2;210.00
cox;lavion;190.00
Mr.ric;DOUBLE;190.00
yttrezsf,.!???;Rancoeur2;170.00
;Rancoeur;160.00
None;lavion;160.00
3r;lavion;150.00
None;lavion;150.00
kl;Rancoeur;140.00
None;Rancoeur;140.00
jeanjean;Rancoeur;123
None;Rancoeur;120.00
None;Rancoeur;110.00
qZsssk;lavion;100.00
None;Rancoeur;100.00
None;lavion;100.00
Matheio;GOD;90.00
None;DOUBLE;90.00
None;lavion;80.00
ty;GOD;70.00
None;lavion;70.00
None;Rancoeur;70.00
None;LaserMan;70.00
None;lavion;70.00
None;Rancoeur;60.00
None;Rancoeur;60.00
None;Rancoeur2;60.00
None;La Golden Show….;60.00
None;lavion;60.00
None;Avion 2;50.00
None;DOUBLE;50.00
None;lavion;50.00
None;Rancoeur;50.00
None;lavion;50.00
None;lavion;50.00
None;Rancoeur;40.00
None;Rancoeur;40.00
None;lavion;40.00
None;Rancoeur2;40.00
None;lavion;40.00
None;Rancoeur2;40.00
None;Rancoeur;40.00
None;Rancoeur;40.00
None;Rancoeur;40.00
None;Rancoeur2;40.00
None;Rancoeur2;30.00
None;Rancoeur;30.00
None;lavion;30.00
None;lavion;30.00
None;DOUBLE;30.00
None;Rancoeur;30.00
None;Rancoeur;30.00
None;lavion;30.00
None;lavion;30.00
None;Rancoeur;30.00
None;lavion;30.00
None;lavion;30.00
None;lavion;30.00
zrtyuiop;GOD;20.00
11ipp''''''''';Rancoeur;20.00
None;lavion;20.00
None;lavion;20.00
None;DOUBLE;20.00
None;Rancoeur;20.00
None;Rancoeur;20.00
None;LaserMan;20.00
None;LaserMan;20.00
None;LaserMan;20.00
None;Rancoeur;20.00
567uj;lavion;10.00
None;DOUBLE;10.00
None;lavion;10.00
None;lavion;10.00
None;Rancoeur;10.00
None;Rancoeur;10.00
None;lavion;10.00
None;Rancoeur;10.00
None;LaserMan;10.00
None;Avion 2;10.00
None;Rancoeur;10.00
None;Rancoeur;10.00
None;lavion;10.00
None;lavion;10.00
z;GOD;0.00
a;GOD;0.00
e;GOD;0.00
None;GOD;0.00
None;GOD;0.00
None;GOD;0.00
None;GOD;0.00
None;GOD;0.00
None;GOD;0.00
None;Rancoeur;0.00
None;Avion 2;0.00
None;lavion;0.00
None;GOD;0.00
None;GOD;0.00
None;lavion;0.00
None;GOD;0.00
None;GOD;0.00
None;GOD;0.00
None;GOD;0.00
None;GOD;0.00
None;GOD;0.00
None;GOD;0.00
None;GOD;0.00
None;lavion;0.00
None;GOD;0.00
None;GOD;0.00
None;lavion;0.00
None;GOD;0.00
None;lavion;0.00
None;Rancoeur;0.00
None;GOD;0.00
None;Rancoeur;0.00
None;Rancoeur;0.00
None;Avion 2;0.00
None;GOD;0.00
None;GOD;0.00
None;GOD;0.00
None;GOD;0.00
None;Avion 2;0.00
None;GOD;0.00
None;GOD;0.00
None;Avion 2;0.00
None;GOD;0.00
None;Avion 2;0.00
None;Avion 2;0.00
None;Avion 2;0.00
None;Rancoeur2;0.00
None;lavion;0.00
None;lavion;0.00
None;lavion;0.00
None;lavion;0.00
None;lavion;0.00
None;lavion;0.00
None;lavion;0.00
None;lavion;0.00
None;lavion;0.00
None;lavion;0.00
None;lavion;0.00
None;lavion;0.00
None;lavion;0.00
None;lavion;0.00
None;lavion;0.00
None;lavion;0.00
None;lavion;0.00
None;lavion;0.00
None;lavion;0.00
None;lavion;0.00
None;lavion;0.00
None;lavion;0.00
None;lavion;0.00
None;lavion;0.00
None;lavion;0.00
None;Rancoeur;0.00
None;lavion;0.00
None;DOUBLE;0.00
None;lavion;0.00
None;lavion;0.00
None;lavion;0.00
None;lavion;0.00
None;lavion;0.00
None;lavion;0.00
None;lavion;0.00
None;lavion;0.00
None;lavion;0.00
None;lavion;0.00
None;lavion;0.00
None;Rancoeur;0.00
None;Rancoeur;0.00
None;Rancoeur;0.00
None;Rancoeur;0.00
None;Rancoeur;0.00
None;Rancoeur;0.00
None;lavion;0.00
